{"title":"My_Website","markdown":{"yaml":{"title":"My_Website","format":{"html":{"toc":true}}},"headingText":"Introduction","containsRefs":false,"markdown":"\n\n\n\n\n<h1>This page is about Professor Hickman's writing</h1>\n![](/images/2023-09-09-17-30-27.png)\n\n## First place\n<h2>Nickel nanoparticles set a new record of strength[@sharma2018nickel]</h2>\n\nAbstract\\\nMaterial objects with micrometer or nanometer dimensions can exhibit much higher strength than macroscopic objects, but this strength rarely approaches the maximum theoretical strength of the material. Here, we demonstrate that faceted single-crystalline nickel (Ni) nanoparticles exhibit an ultrahigh compressive strength (up to 34 GPa) unprecedented for metallic materials. This strength matches the available estimates of Ni theoretical strength. Three factors are responsible for this record-high strength: the large Ni shear modulus, the smooth edges and corners of the nanoparticles, and the thin oxide layer on the particle surface. This finding is supported by molecular dynamics simulations that closely mimic the experimental conditions, which show that the mechanical failure of the strongest particles is triggered by homogeneous nucleation of dislocation loops inside the particle. The nucleation of a stable loop is preceded by multiple nucleation attempts accompanied by unusually large local atomic displacements caused by thermal fluctuations.\n\n## Second Place\n<h2>Temperature fluctuations in canonical systems: Insights from molecular dynamics simulations[@hickman2016temperature]</h2>\n\nABSTRACT \\\nMolecular dynamics simulations of a quasiharmonic solid are conducted to elucidate the meaning of temperature fluctuations in canonical systems and validate a well-known but frequently contested equation predicting the mean square of such fluctuations. The simulations implement two virtual and one physical (natural) thermostat and examine the kinetic, potential, and total energy correlation functions in the time and frequency domains. The results clearly demonstrate the existence of quasiequilibrium states in which the system can be characterized by a well-defined temperature that follows the mentioned fluctuation equation. The emergence of such states is due to the wide separation of time scales between thermal relaxation by phonon scattering and slow energy exchanges with the thermostat. The quasiequilibrium states exist between these two time scales when the system behaves as virtually isolated and equilibrium.\n\n\n\n| TITLE    | Cited By |\n| -------- | ------- |\n| Nickel nanoparticles set a new record of strength  | 71    |\n| Temperature fluctuations in canonical systems: Insights from molecular dynamics simulations | 32     |\n| Extra variable in grain boundary description    | 30    |\n\n\n<h3>***Only a portion of the professor's writing is displayed in this page***</h3>\n\n## Classes Taught(2023 FALL)\n::: {layout-ncol=2}\n### DSAN-5000\n\n- MODULE 1\n- MODULE 2\n- MODULE 3\n\n### DSAN-5100\n\n- MODULE 1\n- MODULE 2\n- MODULE 3\n:::\n\n## LATEX MATHEMATICAL EQUATION EXAMPLE\n$\\sqrt{5}$ + $\\sqrt{a + 2b + c^{2}}$\n```{mermaid}\nflowchart LR\n  A[2011: Bachelor of Science] --> B[2014: Masters in Applied and Engineering Physics]\n  B --> C[2017: PhD in Physics, Department of Physics]\n  C --> D[NIST]\n  C --> E[Georgetown University]\n```\n\n\n\n>Black-Scholes\nBlack-Scholes (@eq-black-scholes) is a mathematical model that I chose to use for the example for this website[^1]\n$$\n\\frac{\\partial \\mathrm C}{ \\partial \\mathrm t } + \\frac{1}{2}\\sigma^{2} \\mathrm S^{2}\n\\frac{\\partial^{2} \\mathrm C}{\\partial \\mathrm C^2}\n  + \\mathrm r \\mathrm S \\frac{\\partial \\mathrm C}{\\partial \\mathrm S}\\ =\n  \\mathrm r \\mathrm C \n$$ {#eq-black-scholes}\n\n[^1]: The Black-Scholes model is a mathematical model for the dynamics of a financial \nmarket containing derivative investment instruments, using various underlying assumptions\n\n## Quarto Tutorial\n{{< video https://youtu.be/YoKjBcuUP0s?si=7W_4GJRLoRtgVVT6 width=“800” height=“500” >}}\n\n\n\n![](images/2023-09-09-18-08-53.png)","srcMarkdownNoYaml":"\n\n\n\n\n# Introduction\n<h1>This page is about Professor Hickman's writing</h1>\n![](/images/2023-09-09-17-30-27.png)\n\n## First place\n<h2>Nickel nanoparticles set a new record of strength[@sharma2018nickel]</h2>\n\nAbstract\\\nMaterial objects with micrometer or nanometer dimensions can exhibit much higher strength than macroscopic objects, but this strength rarely approaches the maximum theoretical strength of the material. Here, we demonstrate that faceted single-crystalline nickel (Ni) nanoparticles exhibit an ultrahigh compressive strength (up to 34 GPa) unprecedented for metallic materials. This strength matches the available estimates of Ni theoretical strength. Three factors are responsible for this record-high strength: the large Ni shear modulus, the smooth edges and corners of the nanoparticles, and the thin oxide layer on the particle surface. This finding is supported by molecular dynamics simulations that closely mimic the experimental conditions, which show that the mechanical failure of the strongest particles is triggered by homogeneous nucleation of dislocation loops inside the particle. The nucleation of a stable loop is preceded by multiple nucleation attempts accompanied by unusually large local atomic displacements caused by thermal fluctuations.\n\n## Second Place\n<h2>Temperature fluctuations in canonical systems: Insights from molecular dynamics simulations[@hickman2016temperature]</h2>\n\nABSTRACT \\\nMolecular dynamics simulations of a quasiharmonic solid are conducted to elucidate the meaning of temperature fluctuations in canonical systems and validate a well-known but frequently contested equation predicting the mean square of such fluctuations. The simulations implement two virtual and one physical (natural) thermostat and examine the kinetic, potential, and total energy correlation functions in the time and frequency domains. The results clearly demonstrate the existence of quasiequilibrium states in which the system can be characterized by a well-defined temperature that follows the mentioned fluctuation equation. The emergence of such states is due to the wide separation of time scales between thermal relaxation by phonon scattering and slow energy exchanges with the thermostat. The quasiequilibrium states exist between these two time scales when the system behaves as virtually isolated and equilibrium.\n\n\n\n| TITLE    | Cited By |\n| -------- | ------- |\n| Nickel nanoparticles set a new record of strength  | 71    |\n| Temperature fluctuations in canonical systems: Insights from molecular dynamics simulations | 32     |\n| Extra variable in grain boundary description    | 30    |\n\n\n<h3>***Only a portion of the professor's writing is displayed in this page***</h3>\n\n## Classes Taught(2023 FALL)\n::: {layout-ncol=2}\n### DSAN-5000\n\n- MODULE 1\n- MODULE 2\n- MODULE 3\n\n### DSAN-5100\n\n- MODULE 1\n- MODULE 2\n- MODULE 3\n:::\n\n## LATEX MATHEMATICAL EQUATION EXAMPLE\n$\\sqrt{5}$ + $\\sqrt{a + 2b + c^{2}}$\n```{mermaid}\nflowchart LR\n  A[2011: Bachelor of Science] --> B[2014: Masters in Applied and Engineering Physics]\n  B --> C[2017: PhD in Physics, Department of Physics]\n  C --> D[NIST]\n  C --> E[Georgetown University]\n```\n\n\n\n>Black-Scholes\nBlack-Scholes (@eq-black-scholes) is a mathematical model that I chose to use for the example for this website[^1]\n$$\n\\frac{\\partial \\mathrm C}{ \\partial \\mathrm t } + \\frac{1}{2}\\sigma^{2} \\mathrm S^{2}\n\\frac{\\partial^{2} \\mathrm C}{\\partial \\mathrm C^2}\n  + \\mathrm r \\mathrm S \\frac{\\partial \\mathrm C}{\\partial \\mathrm S}\\ =\n  \\mathrm r \\mathrm C \n$$ {#eq-black-scholes}\n\n[^1]: The Black-Scholes model is a mathematical model for the dynamics of a financial \nmarket containing derivative investment instruments, using various underlying assumptions\n\n## Quarto Tutorial\n{{< video https://youtu.be/YoKjBcuUP0s?si=7W_4GJRLoRtgVVT6 width=“800” height=“500” >}}\n\n\n\n![](images/2023-09-09-18-08-53.png)"},"formats":{"html":{"identifier":{"display-name":"HTML","target-format":"html","base-format":"html"},"execute":{"fig-width":7,"fig-height":5,"fig-format":"retina","fig-dpi":96,"df-print":"default","error":false,"eval":true,"cache":null,"freeze":false,"echo":true,"output":true,"warning":true,"include":true,"keep-md":false,"keep-ipynb":false,"ipynb":null,"enabled":null,"daemon":null,"daemon-restart":false,"debug":false,"ipynb-filters":[],"engine":"markdown"},"render":{"keep-tex":false,"keep-source":false,"keep-hidden":false,"prefer-html":false,"output-divs":true,"output-ext":"html","fig-align":"default","fig-pos":null,"fig-env":null,"code-fold":"none","code-overflow":"scroll","code-link":false,"code-line-numbers":false,"code-tools":false,"tbl-colwidths":"auto","merge-includes":true,"inline-includes":false,"preserve-yaml":false,"latex-auto-mk":true,"latex-auto-install":true,"latex-clean":true,"latex-max-runs":10,"latex-makeindex":"makeindex","latex-makeindex-opts":[],"latex-tlmgr-opts":[],"latex-input-paths":[],"latex-output-dir":null,"link-external-icon":false,"link-external-newwindow":false,"self-contained-math":false,"format-resources":[],"notebook-links":true,"format-links":true},"pandoc":{"standalone":true,"wrap":"none","default-image-extension":"png","to":"html","toc":true,"output-file":"index.html"},"language":{"toc-title-document":"Table of contents","toc-title-website":"On this page","related-formats-title":"Other Formats","related-notebooks-title":"Notebooks","source-notebooks-prefix":"Source","section-title-abstract":"Abstract","section-title-appendices":"Appendices","section-title-footnotes":"Footnotes","section-title-references":"References","section-title-reuse":"Reuse","section-title-copyright":"Copyright","section-title-citation":"Citation","appendix-attribution-cite-as":"For attribution, please cite this work as:","appendix-attribution-bibtex":"BibTeX citation:","title-block-author-single":"Author","title-block-author-plural":"Authors","title-block-affiliation-single":"Affiliation","title-block-affiliation-plural":"Affiliations","title-block-published":"Published","title-block-modified":"Modified","callout-tip-title":"Tip","callout-note-title":"Note","callout-warning-title":"Warning","callout-important-title":"Important","callout-caution-title":"Caution","code-summary":"Code","code-tools-menu-caption":"Code","code-tools-show-all-code":"Show All Code","code-tools-hide-all-code":"Hide All Code","code-tools-view-source":"View Source","code-tools-source-code":"Source Code","code-line":"Line","code-lines":"Lines","copy-button-tooltip":"Copy to Clipboard","copy-button-tooltip-success":"Copied!","repo-action-links-edit":"Edit this page","repo-action-links-source":"View source","repo-action-links-issue":"Report an issue","back-to-top":"Back to top","search-no-results-text":"No results","search-matching-documents-text":"matching documents","search-copy-link-title":"Copy link to search","search-hide-matches-text":"Hide additional matches","search-more-match-text":"more match in this document","search-more-matches-text":"more matches in this document","search-clear-button-title":"Clear","search-detached-cancel-button-title":"Cancel","search-submit-button-title":"Submit","search-label":"Search","toggle-section":"Toggle section","toggle-sidebar":"Toggle sidebar navigation","toggle-dark-mode":"Toggle dark mode","toggle-reader-mode":"Toggle reader mode","toggle-navigation":"Toggle navigation","crossref-fig-title":"Figure","crossref-tbl-title":"Table","crossref-lst-title":"Listing","crossref-thm-title":"Theorem","crossref-lem-title":"Lemma","crossref-cor-title":"Corollary","crossref-prp-title":"Proposition","crossref-cnj-title":"Conjecture","crossref-def-title":"Definition","crossref-exm-title":"Example","crossref-exr-title":"Exercise","crossref-ch-prefix":"Chapter","crossref-apx-prefix":"Appendix","crossref-sec-prefix":"Section","crossref-eq-prefix":"Equation","crossref-lof-title":"List of Figures","crossref-lot-title":"List of Tables","crossref-lol-title":"List of Listings","environment-proof-title":"Proof","environment-remark-title":"Remark","environment-solution-title":"Solution","listing-page-order-by":"Order By","listing-page-order-by-default":"Default","listing-page-order-by-date-asc":"Oldest","listing-page-order-by-date-desc":"Newest","listing-page-order-by-number-desc":"High to Low","listing-page-order-by-number-asc":"Low to High","listing-page-field-date":"Date","listing-page-field-title":"Title","listing-page-field-description":"Description","listing-page-field-author":"Author","listing-page-field-filename":"File Name","listing-page-field-filemodified":"Modified","listing-page-field-subtitle":"Subtitle","listing-page-field-readingtime":"Reading Time","listing-page-field-categories":"Categories","listing-page-minutes-compact":"{0} min","listing-page-category-all":"All","listing-page-no-matches":"No matching items"},"metadata":{"lang":"en","fig-responsive":true,"quarto-version":"1.3.450","bibliography":["references.bib"],"csl":"nature.csl","theme":"cosmo","title":"My_Website"},"extensions":{"book":{"multiFile":true}}}},"projectFormats":["html"]}